{"camera_mtx": [[94.27941201175385, 0.0, 239.4626973541425], [0.0, 179.8091802365698, 319.3602075146803], [0.0, 0.0, 1.0]], "distortion_vec": [[-0.040291461879563596, 0.000407566274974413, -0.0032946814447373488, 0.0020894058769633226, -1.1112134506583167e-06]], "rotation_vec": [[[-0.1089271371530589], [-0.24432846990309376], [-0.05406600621759346]], [[-0.1593983461531821], [-0.3670815524119987], [-0.010982203011211581]], [[-0.19252281003106048], [-0.37866756195687784], [0.018065140456611787]], [[-0.10486441307843852], [-0.26318907681056175], [-0.06825704278094713]], [[-0.12806881259789113], [-0.3515618569467113], [-0.04060172813479413]], [[-0.11257991903300732], [-0.22965736980497747], [-0.03661252631219043]], [[-0.11788648733508313], [-0.22047439604268448], [-0.02132895775544553]], [[-0.12461808311461445], [-0.3402813219111483], [-0.055833577763508516]], [[-0.21153605421806465], [-0.4130471923692329], [0.04543242678507942]], [[-0.11131925517549195], [-0.22534541832315616], [-0.004691309710969994]], [[-2.276843659759824], [-0.9885860554130403], [2.387028018728614]], [[-0.9188056116224258], [-0.35149639619823747], [2.508854546872809]], [[-0.9149021696281642], [-0.3452247813371574], [2.511129384573023]], [[-0.4887446855939434], [-1.5512420066911548], [-2.3734394791856532]], [[-2.246521453713952], [-0.9898030682956241], [2.3997147717983345]], [[-0.9189731940208322], [-0.3467080702244648], [2.5078375160194275]], [[-0.1797177939670857], [-0.2464861188279801], [0.13994296275392087]], [[-0.9201486270419357], [-0.3067633842243284], [2.5034481193543052]], [[-2.2162592059305544], [-1.0131436759706531], [2.4108249372756023]], [[1.9890863795619957], [0.08377487523330936], [-0.16917415016197251]], [[-0.9113631475862634], [-0.3304608889544743], [2.5115414740532804]], [[0.45174928469057407], [0.06632566499211234], [-2.995060478119944]], [[-0.14737845491292398], [-0.17633906651730166], [0.08368530669378721]], [[0.4505128423448658], [0.06675916210381663], [-2.9957196040893974]], [[-0.8421691670005514], [-0.276384792330892], [2.5632928914703346]], [[0.04633044243531853], [1.5429147679572761], [2.031751947246518]], [[1.8235519508402922], [0.8616281350114051], [-2.0179295847689533]], [[0.4846777782122821], [0.38126076593598984], [-2.8981042378001165]], [[-0.13821191891467272], [-0.06509214819163991], [0.11548995449872518]], [[-0.14473113852113637], [-0.17167454131783907], [0.08541521444439505]], [[-0.14255989107634942], [-0.13779593447111074], [0.09581311875476967]], [[-0.13162740263853878], [-0.03375397510144585], [0.11694302932501072]], [[0.8026035897392523], [0.3810152791827217], [-3.267380702125369]], [[2.0296985271183146], [0.46950571799276025], [-0.5117543309143261]], [[0.4609073494852847], [0.07059604820096059], [-2.991880778428996]], [[-0.14482059400936284], [-0.1335352063496301], [0.1018784946238334]], [[0.4490079875349377], [0.07326987741791084], [-2.9949816835284153]], [[0.44471828154401294], [0.2108402321592948], [-2.9408682086299365]], [[0.44949281298737015], [0.08784109155969938], [-2.989886841899746]], [[-0.3340939466103631], [-0.5377248351606596], [0.09521969516533049]], [[0.44841978168312097], [0.08732789187141447], [-3.0016900107963496]], [[0.44262348733467727], [0.13875166917705914], [-2.9748478269342318]], [[-0.3342422592159546], [-1.5828322118771279], [-2.450449224587378]], [[0.4427879941605969], [0.1127361254256907], [-2.987611728508043]], [[0.33638853274311953], [0.57492698372119], [0.09514937389875948]], [[0.33777475064594625], [0.5928475000245788], [0.07965579766629521]], [[0.4429484565430667], [0.11821660643725274], [-2.9832494929127558]], [[1.7497593253227852], [-0.8758433246287357], [0.8439659572918112]], [[0.4417792005525524], [0.10603670264739591], [-2.9846680047236425]], [[-0.16736442799916723], [-0.25330424647781674], [0.108708820035241]], [[0.4468726413496271], [0.09998710461472589], [-2.988199459670399]], [[-0.07554439862066918], [-0.2538493992826283], [0.0498439601953446]], [[-0.12798653315352532], [-0.4373701436527728], [0.03991516371747592]], [[-0.06383367629693759], [-0.27277950748957847], [0.036428546519570754]], [[-0.10925451895711716], [-0.46802403573086443], [-0.0009216927199349037]], [[-0.11521443751670071], [-0.4478514368168964], [0.030811538447393712]], [[-0.1172341446457691], [-0.17210397344230358], [0.09723693576625056]], [[-0.10163175985001667], [-0.22411561667079966], [0.07755137841772006]], [[0.09358057651087484], [0.18961303101620253], [0.06175940421866831]], [[-0.11862936126858772], [-0.09262704751334594], [0.1166994319522975]], [[-0.15546748907181188], [-0.46499045394745786], [-0.009970326108814228]], [[-0.11268494665725495], [-0.30125283445441425], [-0.07738794366974341]], [[-0.1128155325806984], [-0.31705020321528526], [-0.06975953097631189]], [[0.33703311113496087], [0.633960312512611], [0.09938250616076062]], [[-0.1443353135535018], [-0.46684972708301475], [-0.018865968304872506]], [[-0.12946123923189873], [-0.02574872750285431], [0.13803378895794838]]],